<?xml version="1.0" encoding="UTF-8"?>
<Configuration status="WARN">
  <Appenders>
    <Console name="Console" target="SYSTEM_OUT">
      <PatternLayout pattern="%d{HH:mm:ss.SSS} [%t] %-5level %logger{36} - %msg%n"/>
    </Console> <!-- 정의된대로 해주세요 -->
    <File name="File" fileName="log/application.log">
      <PatternLayout>
        <pattern>%d %p %C{1.} [%t] %m%n</pattern>
      </PatternLayout>
    </File>
  </Appenders>
  <Loggers>
  <!-- 개발자가 만든 클래스 로깅처리 -->
  	<Logger name="com.company.controller" level="debug">
  		<AppenderRef ref="File"/>
  	</Logger> 
  	<Logger name="com.company.service" level="debug"/>
  	<Logger name="com.company.mapper" level="debug"/>
  	
  	<!-- 스프링 프레임워크 로깅 처리 -->
  	<Logger name="org.springframework.core" level="info"/>
  	<Logger name="org.springframework.beans" level="info"/>
  	<Logger name="org.springframework.context" level="info"/>
  	<Logger name="org.springframework.web" level="debug"/>
  	<Logger name="org.springframework.jdbc" level="debug"/>
  	
    <Root level="warn">
      <AppenderRef ref="Console"/>
    </Root>
  </Loggers>
</Configuration>